file,line,type,commit,author,date,time,timezone,datetime,depth,length
style.css,1,css,1dc9b1b0,jjessicalu,2026-04-16,19:38:42,-07:00,2026-04-16T19:38:42-07:00,0,3
style.css,2,css,1dc9b1b0,jjessicalu,2026-04-16,19:38:42,-07:00,2026-04-16T19:38:42-07:00,0,22
style.css,3,css,1dc9b1b0,jjessicalu,2026-04-16,19:38:42,-07:00,2026-04-16T19:38:42-07:00,0,0
style.css,4,css,1dc9b1b0,jjessicalu,2026-04-16,19:38:42,-07:00,2026-04-16T19:38:42-07:00,0,0
style.css,5,css,3784dcdf,jjessicalu,2026-04-06,21:27:50,-07:00,2026-04-06T21:27:50-07:00,0,4
style.css,6,css,3784dcdf,jjessicalu,2026-04-06,21:27:50,-07:00,2026-04-06T21:27:50-07:00,0,41
style.css,7,css,3784dcdf,jjessicalu,2026-04-06,21:27:50,-07:00,2026-04-06T21:27:50-07:00,0,0
style.css,8,css,92a14f48,jjessicalu,2026-04-01,16:43:13,-07:00,2026-04-01T16:43:13-07:00,0,3
style.css,9,css,92a14f48,jjessicalu,2026-04-01,16:43:13,-07:00,2026-04-01T16:43:13-07:00,0,42
style.css,10,css,92a14f48,jjessicalu,2026-04-01,16:43:13,-07:00,2026-04-01T16:43:13-07:00,0,41
style.css,11,css,92a14f48,jjessicalu,2026-04-01,16:43:13,-07:00,2026-04-01T16:43:13-07:00,0,0
style.css,12,css,92a14f48,jjessicalu,2026-04-01,16:43:13,-07:00,2026-04-01T16:43:13-07:00,0,22
style.css,13,css,3784dcdf,jjessicalu,2026-04-06,21:27:50,-07:00,2026-04-06T21:27:50-07:00,0,14
style.css,14,css,3784dcdf,jjessicalu,2026-04-06,21:27:50,-07:00,2026-04-06T21:27:50-07:00,0,17
style.css,15,css,3784dcdf,jjessicalu,2026-04-06,21:27:50,-07:00,2026-04-06T21:27:50-07:00,0,11
style.css,16,css,3784dcdf,jjessicalu,2026-04-06,21:27:50,-07:00,2026-04-06T21:27:50-07:00,0,31
style.css,17,css,3784dcdf,jjessicalu,2026-04-06,21:27:50,-07:00,2026-04-06T21:27:50-07:00,0,0
style.css,18,css,3784dcdf,jjessicalu,2026-04-06,21:27:50,-07:00,2026-04-06T21:27:50-07:00,0,0
style.css,19,css,1dc9b1b0,jjessicalu,2026-04-16,19:38:42,-07:00,2026-04-16T19:38:42-07:00,0,0
style.css,20,css,3784dcdf,jjessicalu,2026-04-06,21:27:50,-07:00,2026-04-06T21:27:50-07:00,0,22
style.css,21,css,3784dcdf,jjessicalu,2026-04-06,21:27:50,-07:00,2026-04-06T21:27:50-07:00,0,22
style.css,22,css,3784dcdf,jjessicalu,2026-04-06,21:27:50,-07:00,2026-04-06T21:27:50-07:00,0,0
style.css,23,css,3784dcdf,jjessicalu,2026-04-06,21:27:50,-07:00,2026-04-06T21:27:50-07:00,0,2
style.css,24,css,1dc9b1b0,jjessicalu,2026-04-16,19:38:42,-07:00,2026-04-16T19:38:42-07:00,0,38
style.css,25,css,3784dcdf,jjessicalu,2026-04-06,21:27:50,-07:00,2026-04-06T21:27:50-07:00,0,11
style.css,26,css,3784dcdf,jjessicalu,2026-04-06,21:27:50,-07:00,2026-04-06T21:27:50-07:00,0,17
style.css,27,css,1dc9b1b0,jjessicalu,2026-04-16,19:38:42,-07:00,2026-04-16T19:38:42-07:00,0,42
style.css,28,css,3784dcdf,jjessicalu,2026-04-06,21:27:50,-07:00,2026-04-06T21:27:50-07:00,0,0
style.css,29,css,3784dcdf,jjessicalu,2026-04-06,21:27:50,-07:00,2026-04-06T21:27:50-07:00,0,0
style.css,30,css,3784dcdf,jjessicalu,2026-04-06,21:27:50,-07:00,2026-04-06T21:27:50-07:00,0,4
style.css,31,css,3784dcdf,jjessicalu,2026-04-06,21:27:50,-07:00,2026-04-06T21:27:50-07:00,0,5
style.css,32,css,3784dcdf,jjessicalu,2026-04-06,21:27:50,-07:00,2026-04-06T21:27:50-07:00,0,16
style.css,33,css,3784dcdf,jjessicalu,2026-04-06,21:27:50,-07:00,2026-04-06T21:27:50-07:00,0,19
style.css,34,css,3784dcdf,jjessicalu,2026-04-06,21:27:50,-07:00,2026-04-06T21:27:50-07:00,0,12
style.css,35,css,3784dcdf,jjessicalu,2026-04-06,21:27:50,-07:00,2026-04-06T21:27:50-07:00,0,12
style.css,36,css,3784dcdf,jjessicalu,2026-04-06,21:27:50,-07:00,2026-04-06T21:27:50-07:00,0,0
style.css,37,css,3784dcdf,jjessicalu,2026-04-06,21:27:50,-07:00,2026-04-06T21:27:50-07:00,0,0
style.css,38,css,3784dcdf,jjessicalu,2026-04-06,21:27:50,-07:00,2026-04-06T21:27:50-07:00,0,12
style.css,39,css,3784dcdf,jjessicalu,2026-04-06,21:27:50,-07:00,2026-04-06T21:27:50-07:00,0,15
style.css,40,css,3784dcdf,jjessicalu,2026-04-06,21:27:50,-07:00,2026-04-06T21:27:50-07:00,0,42
style.css,41,css,3784dcdf,jjessicalu,2026-04-06,21:27:50,-07:00,2026-04-06T21:27:50-07:00,0,19
style.css,42,css,3784dcdf,jjessicalu,2026-04-06,21:27:50,-07:00,2026-04-06T21:27:50-07:00,0,0
style.css,43,css,3784dcdf,jjessicalu,2026-04-06,21:27:50,-07:00,2026-04-06T21:27:50-07:00,0,0
style.css,44,css,3784dcdf,jjessicalu,2026-04-06,21:27:50,-07:00,2026-04-06T21:27:50-07:00,0,10
style.css,45,css,1dc9b1b0,jjessicalu,2026-04-16,19:38:42,-07:00,2026-04-16T19:38:42-07:00,0,68
style.css,46,css,3784dcdf,jjessicalu,2026-04-06,21:27:50,-07:00,2026-04-06T21:27:50-07:00,0,44
style.css,47,css,3784dcdf,jjessicalu,2026-04-06,21:27:50,-07:00,2026-04-06T21:27:50-07:00,0,19
style.css,48,css,3784dcdf,jjessicalu,2026-04-06,21:27:50,-07:00,2026-04-06T21:27:50-07:00,0,0
style.css,49,css,3784dcdf,jjessicalu,2026-04-06,21:27:50,-07:00,2026-04-06T21:27:50-07:00,0,0
style.css,50,css,3784dcdf,jjessicalu,2026-04-06,21:27:50,-07:00,2026-04-06T21:27:50-07:00,0,3
style.css,51,css,3784dcdf,jjessicalu,2026-04-06,21:27:50,-07:00,2026-04-06T21:27:50-07:00,0,11
style.css,52,css,3784dcdf,jjessicalu,2026-04-06,21:27:50,-07:00,2026-04-06T21:27:50-07:00,0,29
style.css,53,css,3784dcdf,jjessicalu,2026-04-06,21:27:50,-07:00,2026-04-06T21:27:50-07:00,0,6
style.css,54,css,3784dcdf,jjessicalu,2026-04-06,21:27:50,-07:00,2026-04-06T21:27:50-07:00,0,0
style.css,55,css,3784dcdf,jjessicalu,2026-04-06,21:27:50,-07:00,2026-04-06T21:27:50-07:00,0,0
style.css,56,css,3784dcdf,jjessicalu,2026-04-06,21:27:50,-07:00,2026-04-06T21:27:50-07:00,0,4
style.css,57,css,3784dcdf,jjessicalu,2026-04-06,21:27:50,-07:00,2026-04-06T21:27:50-07:00,0,11
style.css,58,css,3784dcdf,jjessicalu,2026-04-06,21:27:50,-07:00,2026-04-06T21:27:50-07:00,0,28
style.css,59,css,3784dcdf,jjessicalu,2026-04-06,21:27:50,-07:00,2026-04-06T21:27:50-07:00,0,17
style.css,60,css,3784dcdf,jjessicalu,2026-04-06,21:27:50,-07:00,2026-04-06T21:27:50-07:00,0,0
style.css,61,css,3784dcdf,jjessicalu,2026-04-06,21:27:50,-07:00,2026-04-06T21:27:50-07:00,0,0
style.css,62,css,3784dcdf,jjessicalu,2026-04-06,21:27:50,-07:00,2026-04-06T21:27:50-07:00,0,5
style.css,63,css,3784dcdf,jjessicalu,2026-04-06,21:27:50,-07:00,2026-04-06T21:27:50-07:00,0,17
style.css,64,css,3784dcdf,jjessicalu,2026-04-06,21:27:50,-07:00,2026-04-06T21:27:50-07:00,0,0
style.css,65,css,3784dcdf,jjessicalu,2026-04-06,21:27:50,-07:00,2026-04-06T21:27:50-07:00,0,0
style.css,66,css,3784dcdf,jjessicalu,2026-04-06,21:27:50,-07:00,2026-04-06T21:27:50-07:00,0,8
style.css,67,css,3784dcdf,jjessicalu,2026-04-06,21:27:50,-07:00,2026-04-06T21:27:50-07:00,0,11
style.css,68,css,3784dcdf,jjessicalu,2026-04-06,21:27:50,-07:00,2026-04-06T21:27:50-07:00,0,57
style.css,69,css,3784dcdf,jjessicalu,2026-04-06,21:27:50,-07:00,2026-04-06T21:27:50-07:00,0,6
style.css,70,css,3784dcdf,jjessicalu,2026-04-06,21:27:50,-07:00,2026-04-06T21:27:50-07:00,0,0
style.css,71,css,3784dcdf,jjessicalu,2026-04-06,21:27:50,-07:00,2026-04-06T21:27:50-07:00,0,0
style.css,72,css,3784dcdf,jjessicalu,2026-04-06,21:27:50,-07:00,2026-04-06T21:27:50-07:00,0,16
style.css,73,css,3784dcdf,jjessicalu,2026-04-06,21:27:50,-07:00,2026-04-06T21:27:50-07:00,0,11
style.css,74,css,3784dcdf,jjessicalu,2026-04-06,21:27:50,-07:00,2026-04-06T21:27:50-07:00,0,25
style.css,75,css,3784dcdf,jjessicalu,2026-04-06,21:27:50,-07:00,2026-04-06T21:27:50-07:00,0,14
style.css,76,css,3784dcdf,jjessicalu,2026-04-06,21:27:50,-07:00,2026-04-06T21:27:50-07:00,0,6
style.css,77,css,3784dcdf,jjessicalu,2026-04-06,21:27:50,-07:00,2026-04-06T21:27:50-07:00,0,0
style.css,78,css,3784dcdf,jjessicalu,2026-04-06,21:27:50,-07:00,2026-04-06T21:27:50-07:00,0,0
style.css,79,css,3784dcdf,jjessicalu,2026-04-06,21:27:50,-07:00,2026-04-06T21:27:50-07:00,0,11
style.css,80,css,3784dcdf,jjessicalu,2026-04-06,21:27:50,-07:00,2026-04-06T21:27:50-07:00,0,7
style.css,81,css,3784dcdf,jjessicalu,2026-04-06,21:27:50,-07:00,2026-04-06T21:27:50-07:00,0,0
style.css,82,css,3784dcdf,jjessicalu,2026-04-06,21:27:50,-07:00,2026-04-06T21:27:50-07:00,0,0
style.css,83,css,3784dcdf,jjessicalu,2026-04-06,21:27:50,-07:00,2026-04-06T21:27:50-07:00,0,1
style.css,84,css,3784dcdf,jjessicalu,2026-04-06,21:27:50,-07:00,2026-04-06T21:27:50-07:00,0,13
style.css,85,css,3784dcdf,jjessicalu,2026-04-06,21:27:50,-07:00,2026-04-06T21:27:50-07:00,0,0
style.css,86,css,3784dcdf,jjessicalu,2026-04-06,21:27:50,-07:00,2026-04-06T21:27:50-07:00,0,0
style.css,87,css,3784dcdf,jjessicalu,2026-04-06,21:27:50,-07:00,2026-04-06T21:27:50-07:00,0,21
style.css,88,css,3784dcdf,jjessicalu,2026-04-06,21:27:50,-07:00,2026-04-06T21:27:50-07:00,0,14
style.css,89,css,3784dcdf,jjessicalu,2026-04-06,21:27:50,-07:00,2026-04-06T21:27:50-07:00,0,16
style.css,90,css,3784dcdf,jjessicalu,2026-04-06,21:27:50,-07:00,2026-04-06T21:27:50-07:00,0,0
style.css,91,css,3784dcdf,jjessicalu,2026-04-06,21:27:50,-07:00,2026-04-06T21:27:50-07:00,0,0
style.css,92,css,1e15034b,jjessicalu,2026-04-09,22:37:12,-07:00,2026-04-09T22:37:12-07:00,0,24
style.css,93,css,1e15034b,jjessicalu,2026-04-09,22:37:12,-07:00,2026-04-09T22:37:12-07:00,0,13
style.css,94,css,1e15034b,jjessicalu,2026-04-09,22:37:12,-07:00,2026-04-09T22:37:12-07:00,0,0
style.css,95,css,1e15034b,jjessicalu,2026-04-09,22:37:12,-07:00,2026-04-09T22:37:12-07:00,0,0
style.css,96,css,1e15034b,jjessicalu,2026-04-09,22:37:12,-07:00,2026-04-09T22:37:12-07:00,0,14
style.css,97,css,1e15034b,jjessicalu,2026-04-09,22:37:12,-07:00,2026-04-09T22:37:12-07:00,0,16
style.css,98,css,1e15034b,jjessicalu,2026-04-09,22:37:12,-07:00,2026-04-09T22:37:12-07:00,0,0
style.css,99,css,1e15034b,jjessicalu,2026-04-09,22:37:12,-07:00,2026-04-09T22:37:12-07:00,0,0
style.css,100,css,1e15034b,jjessicalu,2026-04-09,22:37:12,-07:00,2026-04-09T22:37:12-07:00,0,9
style.css,101,css,1e15034b,jjessicalu,2026-04-09,22:37:12,-07:00,2026-04-09T22:37:12-07:00,0,40
style.css,102,css,1e15034b,jjessicalu,2026-04-09,22:37:12,-07:00,2026-04-09T22:37:12-07:00,0,19
style.css,103,css,1e15034b,jjessicalu,2026-04-09,22:37:12,-07:00,2026-04-09T22:37:12-07:00,0,11
style.css,104,css,1e15034b,jjessicalu,2026-04-09,22:37:12,-07:00,2026-04-09T22:37:12-07:00,0,0
style.css,105,css,1e15034b,jjessicalu,2026-04-09,22:37:12,-07:00,2026-04-09T22:37:12-07:00,0,0
style.css,106,css,1e15034b,jjessicalu,2026-04-09,22:37:12,-07:00,2026-04-09T22:37:12-07:00,0,14
style.css,107,css,1e15034b,jjessicalu,2026-04-09,22:37:12,-07:00,2026-04-09T22:37:12-07:00,0,11
style.css,108,css,1e15034b,jjessicalu,2026-04-09,22:37:12,-07:00,2026-04-09T22:37:12-07:00,0,29
style.css,109,css,1e15034b,jjessicalu,2026-04-09,22:37:12,-07:00,2026-04-09T22:37:12-07:00,0,12
style.css,110,css,1e15034b,jjessicalu,2026-04-09,22:37:12,-07:00,2026-04-09T22:37:12-07:00,0,16
style.css,111,css,1e15034b,jjessicalu,2026-04-09,22:37:12,-07:00,2026-04-09T22:37:12-07:00,0,0
style.css,112,css,1e15034b,jjessicalu,2026-04-09,22:37:12,-07:00,2026-04-09T22:37:12-07:00,0,0
style.css,113,css,1e15034b,jjessicalu,2026-04-09,22:37:12,-07:00,2026-04-09T22:37:12-07:00,0,17
style.css,114,css,1e15034b,jjessicalu,2026-04-09,22:37:12,-07:00,2026-04-09T22:37:12-07:00,0,7
style.css,115,css,1e15034b,jjessicalu,2026-04-09,22:37:12,-07:00,2026-04-09T22:37:12-07:00,0,14
style.css,116,css,1e15034b,jjessicalu,2026-04-09,22:37:12,-07:00,2026-04-09T22:37:12-07:00,0,0
style.css,117,css,1e15034b,jjessicalu,2026-04-09,22:37:12,-07:00,2026-04-09T22:37:12-07:00,0,0
style.css,118,css,1e15034b,jjessicalu,2026-04-09,22:37:12,-07:00,2026-04-09T22:37:12-07:00,0,16
style.css,119,css,1e15034b,jjessicalu,2026-04-09,22:37:12,-07:00,2026-04-09T22:37:12-07:00,0,13
style.css,120,css,1e15034b,jjessicalu,2026-04-09,22:37:12,-07:00,2026-04-09T22:37:12-07:00,0,0
style.css,121,css,1e15034b,jjessicalu,2026-04-09,22:37:12,-07:00,2026-04-09T22:37:12-07:00,0,19
style.css,122,css,1e15034b,jjessicalu,2026-04-09,22:37:12,-07:00,2026-04-09T22:37:12-07:00,0,12
style.css,123,css,1e15034b,jjessicalu,2026-04-09,22:37:12,-07:00,2026-04-09T22:37:12-07:00,0,15
style.css,124,css,1e15034b,jjessicalu,2026-04-09,22:37:12,-07:00,2026-04-09T22:37:12-07:00,0,14
style.css,125,css,1e15034b,jjessicalu,2026-04-09,22:37:12,-07:00,2026-04-09T22:37:12-07:00,0,0
style.css,126,css,1e15034b,jjessicalu,2026-04-09,22:37:12,-07:00,2026-04-09T22:37:12-07:00,0,0
style.css,127,css,1e15034b,jjessicalu,2026-04-09,22:37:12,-07:00,2026-04-09T22:37:12-07:00,0,29
style.css,128,css,1e15034b,jjessicalu,2026-04-09,22:37:12,-07:00,2026-04-09T22:37:12-07:00,0,12
style.css,129,css,1e15034b,jjessicalu,2026-04-09,22:37:12,-07:00,2026-04-09T22:37:12-07:00,0,15
style.css,130,css,1e15034b,jjessicalu,2026-04-09,22:37:12,-07:00,2026-04-09T22:37:12-07:00,0,33
style.css,131,css,1e15034b,jjessicalu,2026-04-09,22:37:12,-07:00,2026-04-09T22:37:12-07:00,0,14
style.css,132,css,1e15034b,jjessicalu,2026-04-09,22:37:12,-07:00,2026-04-09T22:37:12-07:00,0,0
style.css,133,css,1e15034b,jjessicalu,2026-04-09,22:37:12,-07:00,2026-04-09T22:37:12-07:00,0,0
style.css,134,css,1e15034b,jjessicalu,2026-04-09,22:37:12,-07:00,2026-04-09T22:37:12-07:00,0,9
style.css,135,css,1e15034b,jjessicalu,2026-04-09,22:37:12,-07:00,2026-04-09T22:37:12-07:00,0,17
style.css,136,css,1e15034b,jjessicalu,2026-04-09,22:37:12,-07:00,2026-04-09T22:37:12-07:00,0,23
style.css,137,css,1e15034b,jjessicalu,2026-04-09,22:37:12,-07:00,2026-04-09T22:37:12-07:00,0,8
style.css,138,css,1e15034b,jjessicalu,2026-04-09,22:37:12,-07:00,2026-04-09T22:37:12-07:00,0,0
style.css,139,css,1e15034b,jjessicalu,2026-04-09,22:37:12,-07:00,2026-04-09T22:37:12-07:00,0,0
style.css,140,css,1dc9b1b0,jjessicalu,2026-04-16,19:38:42,-07:00,2026-04-16T19:38:42-07:00,0,12
style.css,141,css,1dc9b1b0,jjessicalu,2026-04-16,19:38:42,-07:00,2026-04-16T19:38:42-07:00,0,16
style.css,142,css,1dc9b1b0,jjessicalu,2026-04-16,19:38:42,-07:00,2026-04-16T19:38:42-07:00,0,9
style.css,143,css,1dc9b1b0,jjessicalu,2026-04-16,19:38:42,-07:00,2026-04-16T19:38:42-07:00,0,11
style.css,144,css,1dc9b1b0,jjessicalu,2026-04-16,19:38:42,-07:00,2026-04-16T19:38:42-07:00,0,12
style.css,145,css,1dc9b1b0,jjessicalu,2026-04-16,19:38:42,-07:00,2026-04-16T19:38:42-07:00,0,0
style.css,146,css,1e15034b,jjessicalu,2026-04-09,22:37:12,-07:00,2026-04-09T22:37:12-07:00,0,0
style.css,147,css,1dc9b1b0,jjessicalu,2026-04-16,19:38:42,-07:00,2026-04-16T19:38:42-07:00,0,2
style.css,148,css,1dc9b1b0,jjessicalu,2026-04-16,19:38:42,-07:00,2026-04-16T19:38:42-07:00,0,17
style.css,149,css,2e79d878,jjessicalu,2026-04-25,16:16:12,-07:00,2026-04-25T16:16:12-07:00,0,0
style.css,150,css,2e79d878,jjessicalu,2026-04-25,16:16:12,-07:00,2026-04-25T16:16:12-07:00,0,0
style.css,151,css,2e79d878,jjessicalu,2026-04-25,16:16:12,-07:00,2026-04-25T16:16:12-07:00,0,16
style.css,152,css,2e79d878,jjessicalu,2026-04-25,16:16:12,-07:00,2026-04-25T16:16:12-07:00,0,11
style.css,153,css,2e79d878,jjessicalu,2026-04-25,16:16:12,-07:00,2026-04-25T16:16:12-07:00,0,58
style.css,154,css,2e79d878,jjessicalu,2026-04-25,16:16:12,-07:00,2026-04-25T16:16:12-07:00,0,6
style.css,155,css,2e79d878,jjessicalu,2026-04-25,16:16:12,-07:00,2026-04-25T16:16:12-07:00,0,11
style.css,156,css,2e79d878,jjessicalu,2026-04-25,16:16:12,-07:00,2026-04-25T16:16:12-07:00,0,0
style.css,157,css,2e79d878,jjessicalu,2026-04-25,16:16:12,-07:00,2026-04-25T16:16:12-07:00,0,0
style.css,158,css,2e79d878,jjessicalu,2026-04-25,16:16:12,-07:00,2026-04-25T16:16:12-07:00,0,16
style.css,159,css,2e79d878,jjessicalu,2026-04-25,16:16:12,-07:00,2026-04-25T16:16:12-07:00,0,39
style.css,160,css,2e79d878,jjessicalu,2026-04-25,16:16:12,-07:00,2026-04-25T16:16:12-07:00,0,14
style.css,161,css,2e79d878,jjessicalu,2026-04-25,16:16:12,-07:00,2026-04-25T16:16:12-07:00,0,23
style.css,162,css,2e79d878,jjessicalu,2026-04-25,16:16:12,-07:00,2026-04-25T16:16:12-07:00,0,52
style.css,163,css,2e79d878,jjessicalu,2026-04-25,16:16:12,-07:00,2026-04-25T16:16:12-07:00,0,17
style.css,164,css,2e79d878,jjessicalu,2026-04-25,16:16:12,-07:00,2026-04-25T16:16:12-07:00,0,18
style.css,165,css,2e79d878,jjessicalu,2026-04-25,16:16:12,-07:00,2026-04-25T16:16:12-07:00,0,0
style.css,166,css,2e79d878,jjessicalu,2026-04-25,16:16:12,-07:00,2026-04-25T16:16:12-07:00,0,0
style.css,167,css,2e79d878,jjessicalu,2026-04-25,16:16:12,-07:00,2026-04-25T16:16:12-07:00,0,16
style.css,168,css,2e79d878,jjessicalu,2026-04-25,16:16:12,-07:00,2026-04-25T16:16:12-07:00,0,40
style.css,169,css,2e79d878,jjessicalu,2026-04-25,16:16:12,-07:00,2026-04-25T16:16:12-07:00,0,14
style.css,170,css,2e79d878,jjessicalu,2026-04-25,16:16:12,-07:00,2026-04-25T16:16:12-07:00,0,15
style.css,171,css,2e79d878,jjessicalu,2026-04-25,16:16:12,-07:00,2026-04-25T16:16:12-07:00,0,7
style.css,172,css,810dcc30,jjessicalu,2026-04-29,20:47:38,-07:00,2026-04-29T20:47:38-07:00,0,0
style.css,173,css,810dcc30,jjessicalu,2026-04-29,20:47:38,-07:00,2026-04-29T20:47:38-07:00,0,0
style.css,174,css,810dcc30,jjessicalu,2026-04-29,20:47:38,-07:00,2026-04-29T20:47:38-07:00,0,12
style.css,175,css,810dcc30,jjessicalu,2026-04-29,20:47:38,-07:00,2026-04-29T20:47:38-07:00,0,38
style.css,176,css,810dcc30,jjessicalu,2026-04-29,20:47:38,-07:00,2026-04-29T20:47:38-07:00,0,33
style.css,177,css,810dcc30,jjessicalu,2026-04-29,20:47:38,-07:00,2026-04-29T20:47:38-07:00,0,0
style.css,178,css,810dcc30,jjessicalu,2026-04-29,20:47:38,-07:00,2026-04-29T20:47:38-07:00,0,0
style.css,179,css,810dcc30,jjessicalu,2026-04-29,20:47:38,-07:00,2026-04-29T20:47:38-07:00,0,17
style.css,180,css,810dcc30,jjessicalu,2026-04-29,20:47:38,-07:00,2026-04-29T20:47:38-07:00,0,13
style.css,181,css,810dcc30,jjessicalu,2026-04-29,20:47:38,-07:00,2026-04-29T20:47:38-07:00,0,15
style.css,182,css,810dcc30,jjessicalu,2026-04-29,20:47:38,-07:00,2026-04-29T20:47:38-07:00,0,15
style.css,183,css,810dcc30,jjessicalu,2026-04-29,20:47:38,-07:00,2026-04-29T20:47:38-07:00,0,0
style.css,184,css,810dcc30,jjessicalu,2026-04-29,20:47:38,-07:00,2026-04-29T20:47:38-07:00,0,0
style.css,185,css,810dcc30,jjessicalu,2026-04-29,20:47:38,-07:00,2026-04-29T20:47:38-07:00,0,6
style.css,186,css,810dcc30,jjessicalu,2026-04-29,20:47:38,-07:00,2026-04-29T20:47:38-07:00,0,11
style.css,187,css,810dcc30,jjessicalu,2026-04-29,20:47:38,-07:00,2026-04-29T20:47:38-07:00,0,56
style.css,188,css,810dcc30,jjessicalu,2026-04-29,20:47:38,-07:00,2026-04-29T20:47:38-07:00,0,8
style.css,189,css,810dcc30,jjessicalu,2026-04-29,20:47:38,-07:00,2026-04-29T20:47:38-07:00,0,40
style.css,190,css,810dcc30,jjessicalu,2026-04-29,20:47:38,-07:00,2026-04-29T20:47:38-07:00,0,10
style.css,191,css,810dcc30,jjessicalu,2026-04-29,20:47:38,-07:00,2026-04-29T20:47:38-07:00,0,11
style.css,192,css,810dcc30,jjessicalu,2026-04-29,20:47:38,-07:00,2026-04-29T20:47:38-07:00,0,14
style.css,193,css,810dcc30,jjessicalu,2026-04-29,20:47:38,-07:00,2026-04-29T20:47:38-07:00,0,0
style.css,194,css,810dcc30,jjessicalu,2026-04-29,20:47:38,-07:00,2026-04-29T20:47:38-07:00,0,0
style.css,195,css,810dcc30,jjessicalu,2026-04-29,20:47:38,-07:00,2026-04-29T20:47:38-07:00,0,6
style.css,196,css,810dcc30,jjessicalu,2026-04-29,20:47:38,-07:00,2026-04-29T20:47:38-07:00,0,19
style.css,197,css,810dcc30,jjessicalu,2026-04-29,20:47:38,-07:00,2026-04-29T20:47:38-07:00,0,8
style.css,198,css,810dcc30,jjessicalu,2026-04-29,20:47:38,-07:00,2026-04-29T20:47:38-07:00,0,9
style.css,199,css,810dcc30,jjessicalu,2026-04-29,20:47:38,-07:00,2026-04-29T20:47:38-07:00,0,28
style.css,200,css,810dcc30,jjessicalu,2026-04-29,20:47:38,-07:00,2026-04-29T20:47:38-07:00,0,17
style.css,201,css,810dcc30,jjessicalu,2026-04-29,20:47:38,-07:00,2026-04-29T20:47:38-07:00,0,0
style.css,202,css,810dcc30,jjessicalu,2026-04-29,20:47:38,-07:00,2026-04-29T20:47:38-07:00,0,0
style.css,203,css,810dcc30,jjessicalu,2026-04-29,20:47:38,-07:00,2026-04-29T20:47:38-07:00,0,9
style.css,204,css,810dcc30,jjessicalu,2026-04-29,20:47:38,-07:00,2026-04-29T20:47:38-07:00,0,11
style.css,205,css,810dcc30,jjessicalu,2026-04-29,20:47:38,-07:00,2026-04-29T20:47:38-07:00,0,17
style.css,206,css,810dcc30,jjessicalu,2026-04-29,20:47:38,-07:00,2026-04-29T20:47:38-07:00,0,6
style.css,207,css,810dcc30,jjessicalu,2026-04-29,20:47:38,-07:00,2026-04-29T20:47:38-07:00,0,14
style.css,208,css,810dcc30,jjessicalu,2026-04-29,20:47:38,-07:00,2026-04-29T20:47:38-07:00,0,17
style.css,209,css,810dcc30,jjessicalu,2026-04-29,20:47:38,-07:00,2026-04-29T20:47:38-07:00,0,0
style.css,210,css,810dcc30,jjessicalu,2026-04-29,20:47:38,-07:00,2026-04-29T20:47:38-07:00,0,0
style.css,211,css,810dcc30,jjessicalu,2026-04-29,20:47:38,-07:00,2026-04-29T20:47:38-07:00,0,17
style.css,212,css,810dcc30,jjessicalu,2026-04-29,20:47:38,-07:00,2026-04-29T20:47:38-07:00,0,5
style.css,213,css,810dcc30,jjessicalu,2026-04-29,20:47:38,-07:00,2026-04-29T20:47:38-07:00,0,0
style.css,214,css,810dcc30,jjessicalu,2026-04-29,20:47:38,-07:00,2026-04-29T20:47:38-07:00,0,0
style.css,215,css,810dcc30,jjessicalu,2026-04-29,20:47:38,-07:00,2026-04-29T20:47:38-07:00,0,9
style.css,216,css,810dcc30,jjessicalu,2026-04-29,20:47:38,-07:00,2026-04-29T20:47:38-07:00,1,9
style.css,217,css,810dcc30,jjessicalu,2026-04-29,20:47:38,-07:00,2026-04-29T20:47:38-07:00,1,12
style.css,218,css,810dcc30,jjessicalu,2026-04-29,20:47:38,-07:00,2026-04-29T20:47:38-07:00,1,15
style.css,219,css,810dcc30,jjessicalu,2026-04-29,20:47:38,-07:00,2026-04-29T20:47:38-07:00,1,18
style.css,220,css,810dcc30,jjessicalu,2026-04-29,20:47:38,-07:00,2026-04-29T20:47:38-07:00,1,12
style.css,221,css,810dcc30,jjessicalu,2026-04-29,20:47:38,-07:00,2026-04-29T20:47:38-07:00,1,40
style.css,222,css,810dcc30,jjessicalu,2026-04-29,20:47:38,-07:00,2026-04-29T20:47:38-07:00,1,16
style.css,223,css,810dcc30,jjessicalu,2026-04-29,20:47:38,-07:00,2026-04-29T20:47:38-07:00,1,16
style.css,224,css,810dcc30,jjessicalu,2026-04-29,20:47:38,-07:00,2026-04-29T20:47:38-07:00,1,15
style.css,225,css,810dcc30,jjessicalu,2026-04-29,20:47:38,-07:00,2026-04-29T20:47:38-07:00,0,0
style.css,226,css,810dcc30,jjessicalu,2026-04-29,20:47:38,-07:00,2026-04-29T20:47:38-07:00,0,0
style.css,227,css,810dcc30,jjessicalu,2026-04-29,20:47:38,-07:00,2026-04-29T20:47:38-07:00,0,15
style.css,228,css,810dcc30,jjessicalu,2026-04-29,20:47:38,-07:00,2026-04-29T20:47:38-07:00,1,11
style.css,229,css,810dcc30,jjessicalu,2026-04-29,20:47:38,-07:00,2026-04-29T20:47:38-07:00,1,31
style.css,230,css,810dcc30,jjessicalu,2026-04-29,20:47:38,-07:00,2026-04-29T20:47:38-07:00,0,0
style.css,231,css,810dcc30,jjessicalu,2026-04-29,20:47:38,-07:00,2026-04-29T20:47:38-07:00,0,0
style.css,232,css,810dcc30,jjessicalu,2026-04-29,20:47:38,-07:00,2026-04-29T20:47:38-07:00,0,16
style.css,233,css,810dcc30,jjessicalu,2026-04-29,20:47:38,-07:00,2026-04-29T20:47:38-07:00,0,15
style.css,234,css,810dcc30,jjessicalu,2026-04-29,20:47:38,-07:00,2026-04-29T20:47:38-07:00,1,10
style.css,235,css,810dcc30,jjessicalu,2026-04-29,20:47:38,-07:00,2026-04-29T20:47:38-07:00,0,0
style.css,236,css,810dcc30,jjessicalu,2026-04-29,20:47:38,-07:00,2026-04-29T20:47:38-07:00,0,0
style.css,237,css,810dcc30,jjessicalu,2026-04-29,20:47:38,-07:00,2026-04-29T20:47:38-07:00,0,0
style.css,238,css,810dcc30,jjessicalu,2026-04-29,20:47:38,-07:00,2026-04-29T20:47:38-07:00,0,3
style.css,239,css,810dcc30,jjessicalu,2026-04-29,20:47:38,-07:00,2026-04-29T20:47:38-07:00,0,15
style.css,240,css,810dcc30,jjessicalu,2026-04-29,20:47:38,-07:00,2026-04-29T20:47:38-07:00,0,13
style.css,241,css,810dcc30,jjessicalu,2026-04-29,20:47:38,-07:00,2026-04-29T20:47:38-07:00,0,0
style.css,242,css,810dcc30,jjessicalu,2026-04-29,20:47:38,-07:00,2026-04-29T20:47:38-07:00,0,0
style.css,243,css,810dcc30,jjessicalu,2026-04-29,20:47:38,-07:00,2026-04-29T20:47:38-07:00,0,8
style.css,244,css,810dcc30,jjessicalu,2026-04-29,20:47:38,-07:00,2026-04-29T20:47:38-07:00,0,34
style.css,245,css,810dcc30,jjessicalu,2026-04-29,20:47:38,-07:00,2026-04-29T20:47:38-07:00,0,0
style.css,246,css,810dcc30,jjessicalu,2026-04-29,20:47:38,-07:00,2026-04-29T20:47:38-07:00,0,9
style.css,247,css,810dcc30,jjessicalu,2026-04-29,20:47:38,-07:00,2026-04-29T20:47:38-07:00,1,16
style.css,248,css,810dcc30,jjessicalu,2026-04-29,20:47:38,-07:00,2026-04-29T20:47:38-07:00,0,0
style.css,249,css,1dc9b1b0,jjessicalu,2026-04-16,19:38:42,-07:00,2026-04-16T19:38:42-07:00,0,0
index.js,1,js,2e79d878,jjessicalu,2026-04-25,16:16:12,-07:00,2026-04-25T16:16:12-07:00,0,70
index.js,2,js,2e79d878,jjessicalu,2026-04-25,16:16:12,-07:00,2026-04-25T16:16:12-07:00,0,0
index.js,3,js,2e79d878,jjessicalu,2026-04-25,16:16:12,-07:00,2026-04-25T16:16:12-07:00,0,53
index.js,4,js,2e79d878,jjessicalu,2026-04-25,16:16:12,-07:00,2026-04-25T16:16:12-07:00,0,41
index.js,5,js,2e79d878,jjessicalu,2026-04-25,16:16:12,-07:00,2026-04-25T16:16:12-07:00,0,59
index.js,6,js,2e79d878,jjessicalu,2026-04-25,16:16:12,-07:00,2026-04-25T16:16:12-07:00,0,53
index.js,7,js,2e79d878,jjessicalu,2026-04-25,16:16:12,-07:00,2026-04-25T16:16:12-07:00,0,0
index.js,8,js,2e79d878,jjessicalu,2026-04-25,16:16:12,-07:00,2026-04-25T16:16:12-07:00,0,52
index.js,9,js,2e79d878,jjessicalu,2026-04-25,16:16:12,-07:00,2026-04-25T16:16:12-07:00,0,0
index.js,10,js,2e79d878,jjessicalu,2026-04-25,16:16:12,-07:00,2026-04-25T16:16:12-07:00,0,59
index.js,11,js,2e79d878,jjessicalu,2026-04-25,16:16:12,-07:00,2026-04-25T16:16:12-07:00,0,0
index.js,12,js,2e79d878,jjessicalu,2026-04-25,16:16:12,-07:00,2026-04-25T16:16:12-07:00,0,16
index.js,13,js,2e79d878,jjessicalu,2026-04-25,16:16:12,-07:00,2026-04-25T16:16:12-07:00,0,23
index.js,14,js,2e79d878,jjessicalu,2026-04-25,16:16:12,-07:00,2026-04-25T16:16:12-07:00,2,1
index.js,15,js,2e79d878,jjessicalu,2026-04-25,16:16:12,-07:00,2026-04-25T16:16:12-07:00,3,54
index.js,16,js,2e79d878,jjessicalu,2026-04-25,16:16:12,-07:00,2026-04-25T16:16:12-07:00,3,54
index.js,17,js,2e79d878,jjessicalu,2026-04-25,16:16:12,-07:00,2026-04-25T16:16:12-07:00,3,48
index.js,18,js,2e79d878,jjessicalu,2026-04-25,16:16:12,-07:00,2026-04-25T16:16:12-07:00,3,48
index.js,19,js,2e79d878,jjessicalu,2026-04-25,16:16:12,-07:00,2026-04-25T16:16:12-07:00,2,2
index.js,20,js,2e79d878,jjessicalu,2026-04-25,16:16:12,-07:00,2026-04-25T16:16:12-07:00,1,0
index.js,21,js,2e79d878,jjessicalu,2026-04-25,16:16:12,-07:00,2026-04-25T16:16:12-07:00,0,0
index.html,1,html,d11fc038,jjessicalu,2026-04-01,16:14:40,-07:00,2026-04-01T16:14:40-07:00,0,12
index.html,2,html,d11fc038,jjessicalu,2026-04-01,16:14:40,-07:00,2026-04-01T16:14:40-07:00,0,13
index.html,3,html,d11fc038,jjessicalu,2026-04-01,16:14:40,-07:00,2026-04-01T16:14:40-07:00,0,3
index.html,4,html,d11fc038,jjessicalu,2026-04-01,16:14:40,-07:00,2026-04-01T16:14:40-07:00,1,19
index.html,5,html,d11fc038,jjessicalu,2026-04-01,16:14:40,-07:00,2026-04-01T16:14:40-07:00,1,67
index.html,6,html,d11fc038,jjessicalu,2026-04-01,16:14:40,-07:00,2026-04-01T16:14:40-07:00,1,51
index.html,7,html,1cf95074,jjessicalu,2026-04-01,17:39:06,-07:00,2026-04-01T17:39:06-07:00,1,37
index.html,8,html,d11fc038,jjessicalu,2026-04-01,16:14:40,-07:00,2026-04-01T16:14:40-07:00,0,4
index.html,9,html,1dc9b1b0,jjessicalu,2026-04-16,19:38:42,-07:00,2026-04-16T19:38:42-07:00,0,3
index.html,10,html,1dc9b1b0,jjessicalu,2026-04-16,19:38:42,-07:00,2026-04-16T19:38:42-07:00,1,44
index.html,11,html,2e79d878,jjessicalu,2026-04-25,16:16:12,-07:00,2026-04-25T16:16:12-07:00,1,49
index.html,12,html,d11fc038,jjessicalu,2026-04-01,16:14:40,-07:00,2026-04-01T16:14:40-07:00,1,16
index.html,13,html,d5e3b8b7,jjessicalu,2026-04-01,16:19:20,-07:00,2026-04-01T16:19:20-07:00,1,82
index.html,14,html,92a14f48,jjessicalu,2026-04-01,16:43:13,-07:00,2026-04-01T16:43:13-07:00,1,67
index.html,15,html,81e3b8c8,jjessicalu,2026-04-01,17:32:00,-07:00,2026-04-01T17:32:00-07:00,1,23
index.html,16,html,2e79d878,jjessicalu,2026-04-25,16:16:12,-07:00,2026-04-25T16:16:12-07:00,1,21
index.html,17,html,2e79d878,jjessicalu,2026-04-25,16:16:12,-07:00,2026-04-25T16:16:12-07:00,1,19
index.html,18,html,2e79d878,jjessicalu,2026-04-25,16:16:12,-07:00,2026-04-25T16:16:12-07:00,1,48
index.html,19,html,2e79d878,jjessicalu,2026-04-25,16:16:12,-07:00,2026-04-25T16:16:12-07:00,1,3
index.html,20,html,2e79d878,jjessicalu,2026-04-25,16:16:12,-07:00,2026-04-25T16:16:12-07:00,1,21
index.html,21,html,2e79d878,jjessicalu,2026-04-25,16:16:12,-07:00,2026-04-25T16:16:12-07:00,1,21
index.html,22,html,2e79d878,jjessicalu,2026-04-25,16:16:12,-07:00,2026-04-25T16:16:12-07:00,2,52
index.html,23,html,2e79d878,jjessicalu,2026-04-25,16:16:12,-07:00,2026-04-25T16:16:12-07:00,1,3
index.html,24,html,d11fc038,jjessicalu,2026-04-01,16:14:40,-07:00,2026-04-01T16:14:40-07:00,0,4
index.html,25,html,2e79d878,jjessicalu,2026-04-25,16:16:12,-07:00,2026-04-25T16:16:12-07:00,0,4
global.js,1,js,1dc9b1b0,jjessicalu,2026-04-16,19:38:42,-07:00,2026-04-16T19:38:42-07:00,0,24
global.js,2,js,1dc9b1b0,jjessicalu,2026-04-16,19:38:42,-07:00,2026-04-16T19:38:42-07:00,0,0
global.js,3,js,1dc9b1b0,jjessicalu,2026-04-16,19:38:42,-07:00,2026-04-16T19:38:42-07:00,0,40
global.js,4,js,1dc9b1b0,jjessicalu,2026-04-16,19:38:42,-07:00,2026-04-16T19:38:42-07:00,0,51
global.js,5,js,1dc9b1b0,jjessicalu,2026-04-16,19:38:42,-07:00,2026-04-16T19:38:42-07:00,0,0
global.js,6,js,1dc9b1b0,jjessicalu,2026-04-16,19:38:42,-07:00,2026-04-16T19:38:42-07:00,0,0
global.js,7,js,1dc9b1b0,jjessicalu,2026-04-16,19:38:42,-07:00,2026-04-16T19:38:42-07:00,0,29
global.js,8,js,1dc9b1b0,jjessicalu,2026-04-16,19:38:42,-07:00,2026-04-16T19:38:42-07:00,0,0
global.js,9,js,1dc9b1b0,jjessicalu,2026-04-16,19:38:42,-07:00,2026-04-16T19:38:42-07:00,0,32
global.js,10,js,1dc9b1b0,jjessicalu,2026-04-16,19:38:42,-07:00,2026-04-16T19:38:42-07:00,0,70
global.js,11,js,1dc9b1b0,jjessicalu,2026-04-16,19:38:42,-07:00,2026-04-16T19:38:42-07:00,0,2
global.js,12,js,1dc9b1b0,jjessicalu,2026-04-16,19:38:42,-07:00,2026-04-16T19:38:42-07:00,0,0
global.js,13,js,1dc9b1b0,jjessicalu,2026-04-16,19:38:42,-07:00,2026-04-16T19:38:42-07:00,0,38
global.js,14,js,1dc9b1b0,jjessicalu,2026-04-16,19:38:42,-07:00,2026-04-16T19:38:42-07:00,0,0
global.js,15,js,1dc9b1b0,jjessicalu,2026-04-16,19:38:42,-07:00,2026-04-16T19:38:42-07:00,0,87
global.js,16,js,1dc9b1b0,jjessicalu,2026-04-16,19:38:42,-07:00,2026-04-16T19:38:42-07:00,0,35
global.js,17,js,1dc9b1b0,jjessicalu,2026-04-16,19:38:42,-07:00,2026-04-16T19:38:42-07:00,0,47
global.js,18,js,1dc9b1b0,jjessicalu,2026-04-16,19:38:42,-07:00,2026-04-16T19:38:42-07:00,0,0
global.js,19,js,1dc9b1b0,jjessicalu,2026-04-16,19:38:42,-07:00,2026-04-16T19:38:42-07:00,0,0
global.js,20,js,1dc9b1b0,jjessicalu,2026-04-16,19:38:42,-07:00,2026-04-16T19:38:42-07:00,0,10
global.js,21,js,1dc9b1b0,jjessicalu,2026-04-16,19:38:42,-07:00,2026-04-16T19:38:42-07:00,0,24
global.js,22,js,1dc9b1b0,jjessicalu,2026-04-16,19:38:42,-07:00,2026-04-16T19:38:42-07:00,0,37
global.js,23,js,1dc9b1b0,jjessicalu,2026-04-16,19:38:42,-07:00,2026-04-16T19:38:42-07:00,0,33
global.js,24,js,00000000,Not Committed Yet,2026-05-05,13:30:11,-07:00,2026-05-05T13:30:11-07:00,0,35
global.js,25,js,00000000,Not Committed Yet,2026-05-05,13:30:11,-07:00,2026-05-05T13:30:11-07:00,0,29
global.js,26,js,1dc9b1b0,jjessicalu,2026-04-16,19:38:42,-07:00,2026-04-16T19:38:42-07:00,0,54
global.js,27,js,1dc9b1b0,jjessicalu,2026-04-16,19:38:42,-07:00,2026-04-16T19:38:42-07:00,0,0
global.js,28,js,1dc9b1b0,jjessicalu,2026-04-16,19:38:42,-07:00,2026-04-16T19:38:42-07:00,0,0
global.js,29,js,1dc9b1b0,jjessicalu,2026-04-16,19:38:42,-07:00,2026-04-16T19:38:42-07:00,0,37
global.js,30,js,1dc9b1b0,jjessicalu,2026-04-16,19:38:42,-07:00,2026-04-16T19:38:42-07:00,0,24
global.js,31,js,1dc9b1b0,jjessicalu,2026-04-16,19:38:42,-07:00,2026-04-16T19:38:42-07:00,0,0
global.js,32,js,1dc9b1b0,jjessicalu,2026-04-16,19:38:42,-07:00,2026-04-16T19:38:42-07:00,0,19
global.js,33,js,1dc9b1b0,jjessicalu,2026-04-16,19:38:42,-07:00,2026-04-16T19:38:42-07:00,0,13
global.js,34,js,1dc9b1b0,jjessicalu,2026-04-16,19:38:42,-07:00,2026-04-16T19:38:42-07:00,0,51
global.js,35,js,1dc9b1b0,jjessicalu,2026-04-16,19:38:42,-07:00,2026-04-16T19:38:42-07:00,0,0
global.js,36,js,1dc9b1b0,jjessicalu,2026-04-16,19:38:42,-07:00,2026-04-16T19:38:42-07:00,0,17
global.js,37,js,1dc9b1b0,jjessicalu,2026-04-16,19:38:42,-07:00,2026-04-16T19:38:42-07:00,0,0
global.js,38,js,1dc9b1b0,jjessicalu,2026-04-16,19:38:42,-07:00,2026-04-16T19:38:42-07:00,0,33
global.js,39,js,1dc9b1b0,jjessicalu,2026-04-16,19:38:42,-07:00,2026-04-16T19:38:42-07:00,0,10
global.js,40,js,1dc9b1b0,jjessicalu,2026-04-16,19:38:42,-07:00,2026-04-16T19:38:42-07:00,0,19
global.js,41,js,1dc9b1b0,jjessicalu,2026-04-16,19:38:42,-07:00,2026-04-16T19:38:42-07:00,0,64
global.js,42,js,1dc9b1b0,jjessicalu,2026-04-16,19:38:42,-07:00,2026-04-16T19:38:42-07:00,0,24
global.js,43,js,1dc9b1b0,jjessicalu,2026-04-16,19:38:42,-07:00,2026-04-16T19:38:42-07:00,0,0
global.js,44,js,1dc9b1b0,jjessicalu,2026-04-16,19:38:42,-07:00,2026-04-16T19:38:42-07:00,0,28
global.js,45,js,1dc9b1b0,jjessicalu,2026-04-16,19:38:42,-07:00,2026-04-16T19:38:42-07:00,1,17
global.js,46,js,1dc9b1b0,jjessicalu,2026-04-16,19:38:42,-07:00,2026-04-16T19:38:42-07:00,0,0
global.js,47,js,1dc9b1b0,jjessicalu,2026-04-16,19:38:42,-07:00,2026-04-16T19:38:42-07:00,0,11
global.js,48,js,1dc9b1b0,jjessicalu,2026-04-16,19:38:42,-07:00,2026-04-16T19:38:42-07:00,0,0
global.js,49,js,1dc9b1b0,jjessicalu,2026-04-16,19:38:42,-07:00,2026-04-16T19:38:42-07:00,0,0
global.js,50,js,1dc9b1b0,jjessicalu,2026-04-16,19:38:42,-07:00,2026-04-16T19:38:42-07:00,0,30
global.js,51,js,1dc9b1b0,jjessicalu,2026-04-16,19:38:42,-07:00,2026-04-16T19:38:42-07:00,0,10
global.js,52,js,1dc9b1b0,jjessicalu,2026-04-16,19:38:42,-07:00,2026-04-16T19:38:42-07:00,0,0
global.js,53,js,1dc9b1b0,jjessicalu,2026-04-16,19:38:42,-07:00,2026-04-16T19:38:42-07:00,0,25
global.js,54,js,1dc9b1b0,jjessicalu,2026-04-16,19:38:42,-07:00,2026-04-16T19:38:42-07:00,0,3
global.js,55,js,1dc9b1b0,jjessicalu,2026-04-16,19:38:42,-07:00,2026-04-16T19:38:42-07:00,0,5
global.js,56,js,1dc9b1b0,jjessicalu,2026-04-16,19:38:42,-07:00,2026-04-16T19:38:42-07:00,0,42
global.js,57,js,1dc9b1b0,jjessicalu,2026-04-16,19:38:42,-07:00,2026-04-16T19:38:42-07:00,2,33
global.js,58,js,1dc9b1b0,jjessicalu,2026-04-16,19:38:42,-07:00,2026-04-16T19:38:42-07:00,2,31
global.js,59,js,1dc9b1b0,jjessicalu,2026-04-16,19:38:42,-07:00,2026-04-16T19:38:42-07:00,0,6
global.js,60,js,1dc9b1b0,jjessicalu,2026-04-16,19:38:42,-07:00,2026-04-16T19:38:42-07:00,0,7
global.js,61,js,1dc9b1b0,jjessicalu,2026-04-16,19:38:42,-07:00,2026-04-16T19:38:42-07:00,0,0
global.js,62,js,1dc9b1b0,jjessicalu,2026-04-16,19:38:42,-07:00,2026-04-16T19:38:42-07:00,0,0
global.js,63,js,1dc9b1b0,jjessicalu,2026-04-16,19:38:42,-07:00,2026-04-16T19:38:42-07:00,0,35
global.js,64,js,1dc9b1b0,jjessicalu,2026-04-16,19:38:42,-07:00,2026-04-16T19:38:42-07:00,0,69
global.js,65,js,1dc9b1b0,jjessicalu,2026-04-16,19:38:42,-07:00,2026-04-16T19:38:42-07:00,0,0
global.js,66,js,1dc9b1b0,jjessicalu,2026-04-16,19:38:42,-07:00,2026-04-16T19:38:42-07:00,0,0
global.js,67,js,1dc9b1b0,jjessicalu,2026-04-16,19:38:42,-07:00,2026-04-16T19:38:42-07:00,0,56
global.js,68,js,1dc9b1b0,jjessicalu,2026-04-16,19:38:42,-07:00,2026-04-16T19:38:42-07:00,0,48
global.js,69,js,1dc9b1b0,jjessicalu,2026-04-16,19:38:42,-07:00,2026-04-16T19:38:42-07:00,0,59
global.js,70,js,1dc9b1b0,jjessicalu,2026-04-16,19:38:42,-07:00,2026-04-16T19:38:42-07:00,0,42
global.js,71,js,1dc9b1b0,jjessicalu,2026-04-16,19:38:42,-07:00,2026-04-16T19:38:42-07:00,0,59
global.js,72,js,1dc9b1b0,jjessicalu,2026-04-16,19:38:42,-07:00,2026-04-16T19:38:42-07:00,0,79
global.js,73,js,1dc9b1b0,jjessicalu,2026-04-16,19:38:42,-07:00,2026-04-16T19:38:42-07:00,0,0
global.js,74,js,1dc9b1b0,jjessicalu,2026-04-16,19:38:42,-07:00,2026-04-16T19:38:42-07:00,0,0
global.js,75,js,1dc9b1b0,jjessicalu,2026-04-16,19:38:42,-07:00,2026-04-16T19:38:42-07:00,0,33
global.js,76,js,1dc9b1b0,jjessicalu,2026-04-16,19:38:42,-07:00,2026-04-16T19:38:42-07:00,0,38
global.js,77,js,1dc9b1b0,jjessicalu,2026-04-16,19:38:42,-07:00,2026-04-16T19:38:42-07:00,0,37
global.js,78,js,1dc9b1b0,jjessicalu,2026-04-16,19:38:42,-07:00,2026-04-16T19:38:42-07:00,0,0
global.js,79,js,1dc9b1b0,jjessicalu,2026-04-16,19:38:42,-07:00,2026-04-16T19:38:42-07:00,0,0
global.js,80,js,1dc9b1b0,jjessicalu,2026-04-16,19:38:42,-07:00,2026-04-16T19:38:42-07:00,0,39
global.js,81,js,1dc9b1b0,jjessicalu,2026-04-16,19:38:42,-07:00,2026-04-16T19:38:42-07:00,0,71
global.js,82,js,1dc9b1b0,jjessicalu,2026-04-16,19:38:42,-07:00,2026-04-16T19:38:42-07:00,0,27
global.js,83,js,1dc9b1b0,jjessicalu,2026-04-16,19:38:42,-07:00,2026-04-16T19:38:42-07:00,0,25
global.js,84,js,1dc9b1b0,jjessicalu,2026-04-16,19:38:42,-07:00,2026-04-16T19:38:42-07:00,0,13
global.js,85,js,1dc9b1b0,jjessicalu,2026-04-16,19:38:42,-07:00,2026-04-16T19:38:42-07:00,0,30
global.js,86,js,1dc9b1b0,jjessicalu,2026-04-16,19:38:42,-07:00,2026-04-16T19:38:42-07:00,1,48
global.js,87,js,1dc9b1b0,jjessicalu,2026-04-16,19:38:42,-07:00,2026-04-16T19:38:42-07:00,0,22
global.js,88,js,1dc9b1b0,jjessicalu,2026-04-16,19:38:42,-07:00,2026-04-16T19:38:42-07:00,0,0
global.js,89,js,1dc9b1b0,jjessicalu,2026-04-16,19:38:42,-07:00,2026-04-16T19:38:42-07:00,0,21
global.js,90,js,1dc9b1b0,jjessicalu,2026-04-16,19:38:42,-07:00,2026-04-16T19:38:42-07:00,0,17
global.js,91,js,1dc9b1b0,jjessicalu,2026-04-16,19:38:42,-07:00,2026-04-16T19:38:42-07:00,0,0
global.js,92,js,1dc9b1b0,jjessicalu,2026-04-16,19:38:42,-07:00,2026-04-16T19:38:42-07:00,0,0
global.js,93,js,2e79d878,jjessicalu,2026-04-25,16:16:12,-07:00,2026-04-25T16:16:12-07:00,0,0
global.js,94,js,2e79d878,jjessicalu,2026-04-25,16:16:12,-07:00,2026-04-25T16:16:12-07:00,0,35
global.js,95,js,2e79d878,jjessicalu,2026-04-25,16:16:12,-07:00,2026-04-25T16:16:12-07:00,0,2
global.js,96,js,2e79d878,jjessicalu,2026-04-25,16:16:12,-07:00,2026-04-25T16:16:12-07:00,1,38
global.js,97,js,2e79d878,jjessicalu,2026-04-25,16:16:12,-07:00,2026-04-25T16:16:12-07:00,1,31
global.js,98,js,2e79d878,jjessicalu,2026-04-25,16:16:12,-07:00,2026-04-25T16:16:12-07:00,1,16
global.js,99,js,2e79d878,jjessicalu,2026-04-25,16:16:12,-07:00,2026-04-25T16:16:12-07:00,2,65
global.js,100,js,2e79d878,jjessicalu,2026-04-25,16:16:12,-07:00,2026-04-25T16:16:12-07:00,1,0
global.js,101,js,2e79d878,jjessicalu,2026-04-25,16:16:12,-07:00,2026-04-25T16:16:12-07:00,0,0
global.js,102,js,2e79d878,jjessicalu,2026-04-25,16:16:12,-07:00,2026-04-25T16:16:12-07:00,1,32
global.js,103,js,2e79d878,jjessicalu,2026-04-25,16:16:12,-07:00,2026-04-25T16:16:12-07:00,1,9
global.js,104,js,2e79d878,jjessicalu,2026-04-25,16:16:12,-07:00,2026-04-25T16:16:12-07:00,0,0
global.js,105,js,2e79d878,jjessicalu,2026-04-25,16:16:12,-07:00,2026-04-25T16:16:12-07:00,0,14
global.js,106,js,2e79d878,jjessicalu,2026-04-25,16:16:12,-07:00,2026-04-25T16:16:12-07:00,1,58
global.js,107,js,2e79d878,jjessicalu,2026-04-25,16:16:12,-07:00,2026-04-25T16:16:12-07:00,0,0
global.js,108,js,2e79d878,jjessicalu,2026-04-25,16:16:12,-07:00,2026-04-25T16:16:12-07:00,0,0
global.js,109,js,2e79d878,jjessicalu,2026-04-25,16:16:12,-07:00,2026-04-25T16:16:12-07:00,0,0
global.js,110,js,2e79d878,jjessicalu,2026-04-25,16:16:12,-07:00,2026-04-25T16:16:12-07:00,0,78
global.js,111,js,2e79d878,jjessicalu,2026-04-25,16:16:12,-07:00,2026-04-25T16:16:12-07:00,0,27
global.js,112,js,2e79d878,jjessicalu,2026-04-25,16:16:12,-07:00,2026-04-25T16:16:12-07:00,0,29
global.js,113,js,2e79d878,jjessicalu,2026-04-25,16:16:12,-07:00,2026-04-25T16:16:12-07:00,0,28
global.js,114,js,2e79d878,jjessicalu,2026-04-25,16:16:12,-07:00,2026-04-25T16:16:12-07:00,1,47
global.js,115,js,2e79d878,jjessicalu,2026-04-25,16:16:12,-07:00,2026-04-25T16:16:12-07:00,0,0
global.js,116,js,2e79d878,jjessicalu,2026-04-25,16:16:12,-07:00,2026-04-25T16:16:12-07:00,1,18
global.js,117,js,2e79d878,jjessicalu,2026-04-25,16:16:12,-07:00,2026-04-25T16:16:12-07:00,2,48
global.js,118,js,2e79d878,jjessicalu,2026-04-25,16:16:12,-07:00,2026-04-25T16:16:12-07:00,2,48
global.js,119,js,810dcc30,jjessicalu,2026-04-29,20:47:38,-07:00,2026-04-29T20:47:38-07:00,2,25
global.js,120,js,810dcc30,jjessicalu,2026-04-29,20:47:38,-07:00,2026-04-29T20:47:38-07:00,2,26
global.js,121,js,810dcc30,jjessicalu,2026-04-29,20:47:38,-07:00,2026-04-29T20:47:38-07:00,2,42
global.js,122,js,810dcc30,jjessicalu,2026-04-29,20:47:38,-07:00,2026-04-29T20:47:38-07:00,2,3
global.js,123,js,2e79d878,jjessicalu,2026-04-25,16:16:12,-07:00,2026-04-25T16:16:12-07:00,1,0
global.js,124,js,2e79d878,jjessicalu,2026-04-25,16:16:12,-07:00,2026-04-25T16:16:12-07:00,1,35
global.js,125,js,2e79d878,jjessicalu,2026-04-25,16:16:12,-07:00,2026-04-25T16:16:12-07:00,0,0
global.js,126,js,2e79d878,jjessicalu,2026-04-25,16:16:12,-07:00,2026-04-25T16:16:12-07:00,0,0
global.js,127,js,2e79d878,jjessicalu,2026-04-25,16:16:12,-07:00,2026-04-25T16:16:12-07:00,0,0
global.js,128,js,2e79d878,jjessicalu,2026-04-25,16:16:12,-07:00,2026-04-25T16:16:12-07:00,0,46
global.js,129,js,2e79d878,jjessicalu,2026-04-25,16:16:12,-07:00,2026-04-25T16:16:12-07:00,0,58
global.js,130,js,2e79d878,jjessicalu,2026-04-25,16:16:12,-07:00,2026-04-25T16:16:12-07:00,0,0
resume/index.html,1,html,81e3b8c8,jjessicalu,2026-04-01,17:32:00,-07:00,2026-04-01T17:32:00-07:00,0,12
resume/index.html,2,html,81e3b8c8,jjessicalu,2026-04-01,17:32:00,-07:00,2026-04-01T17:32:00-07:00,0,13
resume/index.html,3,html,81e3b8c8,jjessicalu,2026-04-01,17:32:00,-07:00,2026-04-01T17:32:00-07:00,0,3
resume/index.html,4,html,81e3b8c8,jjessicalu,2026-04-01,17:32:00,-07:00,2026-04-01T17:32:00-07:00,1,19
resume/index.html,5,html,81e3b8c8,jjessicalu,2026-04-01,17:32:00,-07:00,2026-04-01T17:32:00-07:00,1,67
resume/index.html,6,html,81e3b8c8,jjessicalu,2026-04-01,17:32:00,-07:00,2026-04-01T17:32:00-07:00,1,18
resume/index.html,7,html,1cf95074,jjessicalu,2026-04-01,17:39:06,-07:00,2026-04-01T17:39:06-07:00,1,40
resume/index.html,8,html,81e3b8c8,jjessicalu,2026-04-01,17:32:00,-07:00,2026-04-01T17:32:00-07:00,0,4
resume/index.html,9,html,1e15034b,jjessicalu,2026-04-09,22:37:12,-07:00,2026-04-09T22:37:12-07:00,0,20
resume/index.html,10,html,1dc9b1b0,jjessicalu,2026-04-16,19:38:42,-07:00,2026-04-16T19:38:42-07:00,1,47
resume/index.html,11,html,1cf95074,jjessicalu,2026-04-01,17:39:06,-07:00,2026-04-01T17:39:06-07:00,1,12
resume/index.html,12,html,1cf95074,jjessicalu,2026-04-01,17:39:06,-07:00,2026-04-01T17:39:06-07:00,0,0
resume/index.html,13,html,81e3b8c8,jjessicalu,2026-04-01,17:32:00,-07:00,2026-04-01T17:32:00-07:00,1,6
resume/index.html,14,html,81e3b8c8,jjessicalu,2026-04-01,17:32:00,-07:00,2026-04-01T17:32:00-07:00,2,15
resume/index.html,15,html,81e3b8c8,jjessicalu,2026-04-01,17:32:00,-07:00,2026-04-01T17:32:00-07:00,2,6
resume/index.html,16,html,1e15034b,jjessicalu,2026-04-09,22:37:12,-07:00,2026-04-09T22:37:12-07:00,4,41
resume/index.html,17,html,81e3b8c8,jjessicalu,2026-04-01,17:32:00,-07:00,2026-04-01T17:32:00-07:00,4,42
resume/index.html,18,html,1e15034b,jjessicalu,2026-04-09,22:37:12,-07:00,2026-04-09T22:37:12-07:00,4,49
resume/index.html,19,html,1e15034b,jjessicalu,2026-04-09,22:37:12,-07:00,2026-04-09T22:37:12-07:00,4,16
resume/index.html,20,html,81e3b8c8,jjessicalu,2026-04-01,17:32:00,-07:00,2026-04-01T17:32:00-07:00,2,7
resume/index.html,21,html,81e3b8c8,jjessicalu,2026-04-01,17:32:00,-07:00,2026-04-01T17:32:00-07:00,1,7
resume/index.html,22,html,81e3b8c8,jjessicalu,2026-04-01,17:32:00,-07:00,2026-04-01T17:32:00-07:00,0,0
resume/index.html,23,html,81e3b8c8,jjessicalu,2026-04-01,17:32:00,-07:00,2026-04-01T17:32:00-07:00,1,6
resume/index.html,24,html,81e3b8c8,jjessicalu,2026-04-01,17:32:00,-07:00,2026-04-01T17:32:00-07:00,2,16
resume/index.html,25,html,81e3b8c8,jjessicalu,2026-04-01,17:32:00,-07:00,2026-04-01T17:32:00-07:00,2,6
resume/index.html,26,html,81e3b8c8,jjessicalu,2026-04-01,17:32:00,-07:00,2026-04-01T17:32:00-07:00,4,45
resume/index.html,27,html,81e3b8c8,jjessicalu,2026-04-01,17:32:00,-07:00,2026-04-01T17:32:00-07:00,4,29
resume/index.html,28,html,81e3b8c8,jjessicalu,2026-04-01,17:32:00,-07:00,2026-04-01T17:32:00-07:00,4,49
resume/index.html,29,html,81e3b8c8,jjessicalu,2026-04-01,17:32:00,-07:00,2026-04-01T17:32:00-07:00,4,19
resume/index.html,30,html,1e15034b,jjessicalu,2026-04-09,22:37:12,-07:00,2026-04-09T22:37:12-07:00,4,1
resume/index.html,31,html,1e15034b,jjessicalu,2026-04-09,22:37:12,-07:00,2026-04-09T22:37:12-07:00,5,119
resume/index.html,32,html,81e3b8c8,jjessicalu,2026-04-01,17:32:00,-07:00,2026-04-01T17:32:00-07:00,5,99
resume/index.html,33,html,1e15034b,jjessicalu,2026-04-09,22:37:12,-07:00,2026-04-09T22:37:12-07:00,4,2
resume/index.html,34,html,1e15034b,jjessicalu,2026-04-09,22:37:12,-07:00,2026-04-09T22:37:12-07:00,2,7
resume/index.html,35,html,81e3b8c8,jjessicalu,2026-04-01,17:32:00,-07:00,2026-04-01T17:32:00-07:00,1,7
resume/index.html,36,html,81e3b8c8,jjessicalu,2026-04-01,17:32:00,-07:00,2026-04-01T17:32:00-07:00,0,0
resume/index.html,37,html,81e3b8c8,jjessicalu,2026-04-01,17:32:00,-07:00,2026-04-01T17:32:00-07:00,1,6
resume/index.html,38,html,81e3b8c8,jjessicalu,2026-04-01,17:32:00,-07:00,2026-04-01T17:32:00-07:00,2,16
resume/index.html,39,html,81e3b8c8,jjessicalu,2026-04-01,17:32:00,-07:00,2026-04-01T17:32:00-07:00,0,0
resume/index.html,40,html,81e3b8c8,jjessicalu,2026-04-01,17:32:00,-07:00,2026-04-01T17:32:00-07:00,2,6
resume/index.html,41,html,81e3b8c8,jjessicalu,2026-04-01,17:32:00,-07:00,2026-04-01T17:32:00-07:00,4,39
resume/index.html,42,html,81e3b8c8,jjessicalu,2026-04-01,17:32:00,-07:00,2026-04-01T17:32:00-07:00,4,14
resume/index.html,43,html,81e3b8c8,jjessicalu,2026-04-01,17:32:00,-07:00,2026-04-01T17:32:00-07:00,4,35
resume/index.html,44,html,81e3b8c8,jjessicalu,2026-04-01,17:32:00,-07:00,2026-04-01T17:32:00-07:00,4,16
resume/index.html,45,html,81e3b8c8,jjessicalu,2026-04-01,17:32:00,-07:00,2026-04-01T17:32:00-07:00,4,1
resume/index.html,46,html,81e3b8c8,jjessicalu,2026-04-01,17:32:00,-07:00,2026-04-01T17:32:00-07:00,5,111
resume/index.html,47,html,81e3b8c8,jjessicalu,2026-04-01,17:32:00,-07:00,2026-04-01T17:32:00-07:00,6,102
resume/index.html,48,html,81e3b8c8,jjessicalu,2026-04-01,17:32:00,-07:00,2026-04-01T17:32:00-07:00,4,2
resume/index.html,49,html,81e3b8c8,jjessicalu,2026-04-01,17:32:00,-07:00,2026-04-01T17:32:00-07:00,2,7
resume/index.html,50,html,81e3b8c8,jjessicalu,2026-04-01,17:32:00,-07:00,2026-04-01T17:32:00-07:00,0,0
resume/index.html,51,html,81e3b8c8,jjessicalu,2026-04-01,17:32:00,-07:00,2026-04-01T17:32:00-07:00,2,6
resume/index.html,52,html,1e15034b,jjessicalu,2026-04-09,22:37:12,-07:00,2026-04-09T22:37:12-07:00,4,98
resume/index.html,53,html,81e3b8c8,jjessicalu,2026-04-01,17:32:00,-07:00,2026-04-01T17:32:00-07:00,4,37
resume/index.html,54,html,81e3b8c8,jjessicalu,2026-04-01,17:32:00,-07:00,2026-04-01T17:32:00-07:00,4,35
resume/index.html,55,html,81e3b8c8,jjessicalu,2026-04-01,17:32:00,-07:00,2026-04-01T17:32:00-07:00,4,16
resume/index.html,56,html,81e3b8c8,jjessicalu,2026-04-01,17:32:00,-07:00,2026-04-01T17:32:00-07:00,4,1
resume/index.html,57,html,81e3b8c8,jjessicalu,2026-04-01,17:32:00,-07:00,2026-04-01T17:32:00-07:00,5,117
resume/index.html,58,html,81e3b8c8,jjessicalu,2026-04-01,17:32:00,-07:00,2026-04-01T17:32:00-07:00,6,107
resume/index.html,59,html,81e3b8c8,jjessicalu,2026-04-01,17:32:00,-07:00,2026-04-01T17:32:00-07:00,5,113
resume/index.html,60,html,81e3b8c8,jjessicalu,2026-04-01,17:32:00,-07:00,2026-04-01T17:32:00-07:00,6,91
resume/index.html,61,html,81e3b8c8,jjessicalu,2026-04-01,17:32:00,-07:00,2026-04-01T17:32:00-07:00,4,2
resume/index.html,62,html,81e3b8c8,jjessicalu,2026-04-01,17:32:00,-07:00,2026-04-01T17:32:00-07:00,2,7
resume/index.html,63,html,81e3b8c8,jjessicalu,2026-04-01,17:32:00,-07:00,2026-04-01T17:32:00-07:00,1,7
resume/index.html,64,html,81e3b8c8,jjessicalu,2026-04-01,17:32:00,-07:00,2026-04-01T17:32:00-07:00,0,0
resume/index.html,65,html,81e3b8c8,jjessicalu,2026-04-01,17:32:00,-07:00,2026-04-01T17:32:00-07:00,0,4
resume/index.html,66,html,81e3b8c8,jjessicalu,2026-04-01,17:32:00,-07:00,2026-04-01T17:32:00-07:00,0,4
projects/projects.js,1,js,2e79d878,jjessicalu,2026-04-25,16:16:12,-07:00,2026-04-25T16:16:12-07:00,0,54
projects/projects.js,2,js,810dcc30,jjessicalu,2026-04-29,20:47:38,-07:00,2026-04-29T20:47:38-07:00,0,62
projects/projects.js,3,js,810dcc30,jjessicalu,2026-04-29,20:47:38,-07:00,2026-04-29T20:47:38-07:00,0,0
projects/projects.js,4,js,2e79d878,jjessicalu,2026-04-25,16:16:12,-07:00,2026-04-25T16:16:12-07:00,0,54
projects/projects.js,5,js,2e79d878,jjessicalu,2026-04-25,16:16:12,-07:00,2026-04-25T16:16:12-07:00,0,59
projects/projects.js,6,js,2e79d878,jjessicalu,2026-04-25,16:16:12,-07:00,2026-04-25T16:16:12-07:00,0,47
projects/projects.js,7,js,2e79d878,jjessicalu,2026-04-25,16:16:12,-07:00,2026-04-25T16:16:12-07:00,0,53
projects/projects.js,8,js,810dcc30,jjessicalu,2026-04-29,20:47:38,-07:00,2026-04-29T20:47:38-07:00,0,47
projects/projects.js,9,js,810dcc30,jjessicalu,2026-04-29,20:47:38,-07:00,2026-04-29T20:47:38-07:00,0,0
projects/projects.js,10,js,810dcc30,jjessicalu,2026-04-29,20:47:38,-07:00,2026-04-29T20:47:38-07:00,0,12
projects/projects.js,11,js,810dcc30,jjessicalu,2026-04-29,20:47:38,-07:00,2026-04-29T20:47:38-07:00,0,20
projects/projects.js,12,js,810dcc30,jjessicalu,2026-04-29,20:47:38,-07:00,2026-04-29T20:47:38-07:00,0,28
projects/projects.js,13,js,810dcc30,jjessicalu,2026-04-29,20:47:38,-07:00,2026-04-29T20:47:38-07:00,0,0
projects/projects.js,14,js,810dcc30,jjessicalu,2026-04-29,20:47:38,-07:00,2026-04-29T20:47:38-07:00,0,37
projects/projects.js,15,js,810dcc30,jjessicalu,2026-04-29,20:47:38,-07:00,2026-04-29T20:47:38-07:00,0,28
projects/projects.js,16,js,810dcc30,jjessicalu,2026-04-29,20:47:38,-07:00,2026-04-29T20:47:38-07:00,1,11
projects/projects.js,17,js,810dcc30,jjessicalu,2026-04-29,20:47:38,-07:00,2026-04-29T20:47:38-07:00,1,13
projects/projects.js,18,js,810dcc30,jjessicalu,2026-04-29,20:47:38,-07:00,2026-04-29T20:47:38-07:00,1,11
projects/projects.js,19,js,810dcc30,jjessicalu,2026-04-29,20:47:38,-07:00,2026-04-29T20:47:38-07:00,0,0
projects/projects.js,20,js,810dcc30,jjessicalu,2026-04-29,20:47:38,-07:00,2026-04-29T20:47:38-07:00,0,0
projects/projects.js,21,js,810dcc30,jjessicalu,2026-04-29,20:47:38,-07:00,2026-04-29T20:47:38-07:00,0,49
projects/projects.js,22,js,810dcc30,jjessicalu,2026-04-29,20:47:38,-07:00,2026-04-29T20:47:38-07:00,1,34
projects/projects.js,23,js,810dcc30,jjessicalu,2026-04-29,20:47:38,-07:00,2026-04-29T20:47:38-07:00,0,0
projects/projects.js,24,js,810dcc30,jjessicalu,2026-04-29,20:47:38,-07:00,2026-04-29T20:47:38-07:00,0,0
projects/projects.js,25,js,810dcc30,jjessicalu,2026-04-29,20:47:38,-07:00,2026-04-29T20:47:38-07:00,0,24
projects/projects.js,26,js,810dcc30,jjessicalu,2026-04-29,20:47:38,-07:00,2026-04-29T20:47:38-07:00,1,39
projects/projects.js,27,js,810dcc30,jjessicalu,2026-04-29,20:47:38,-07:00,2026-04-29T20:47:38-07:00,1,28
projects/projects.js,28,js,810dcc30,jjessicalu,2026-04-29,20:47:38,-07:00,2026-04-29T20:47:38-07:00,1,31
projects/projects.js,29,js,810dcc30,jjessicalu,2026-04-29,20:47:38,-07:00,2026-04-29T20:47:38-07:00,1,13
projects/projects.js,30,js,810dcc30,jjessicalu,2026-04-29,20:47:38,-07:00,2026-04-29T20:47:38-07:00,1,4
projects/projects.js,31,js,810dcc30,jjessicalu,2026-04-29,20:47:38,-07:00,2026-04-29T20:47:38-07:00,0,0
projects/projects.js,32,js,810dcc30,jjessicalu,2026-04-29,20:47:38,-07:00,2026-04-29T20:47:38-07:00,0,0
projects/projects.js,33,js,810dcc30,jjessicalu,2026-04-29,20:47:38,-07:00,2026-04-29T20:47:38-07:00,0,59
projects/projects.js,34,js,810dcc30,jjessicalu,2026-04-29,20:47:38,-07:00,2026-04-29T20:47:38-07:00,0,52
projects/projects.js,35,js,810dcc30,jjessicalu,2026-04-29,20:47:38,-07:00,2026-04-29T20:47:38-07:00,0,41
projects/projects.js,36,js,810dcc30,jjessicalu,2026-04-29,20:47:38,-07:00,2026-04-29T20:47:38-07:00,0,53
projects/projects.js,37,js,810dcc30,jjessicalu,2026-04-29,20:47:38,-07:00,2026-04-29T20:47:38-07:00,0,46
projects/projects.js,38,js,810dcc30,jjessicalu,2026-04-29,20:47:38,-07:00,2026-04-29T20:47:38-07:00,0,0
projects/projects.js,39,js,810dcc30,jjessicalu,2026-04-29,20:47:38,-07:00,2026-04-29T20:47:38-07:00,0,39
projects/projects.js,40,js,810dcc30,jjessicalu,2026-04-29,20:47:38,-07:00,2026-04-29T20:47:38-07:00,0,28
projects/projects.js,41,js,810dcc30,jjessicalu,2026-04-29,20:47:38,-07:00,2026-04-29T20:47:38-07:00,0,31
projects/projects.js,42,js,810dcc30,jjessicalu,2026-04-29,20:47:38,-07:00,2026-04-29T20:47:38-07:00,0,13
projects/projects.js,43,js,810dcc30,jjessicalu,2026-04-29,20:47:38,-07:00,2026-04-29T20:47:38-07:00,0,0
projects/projects.js,44,js,810dcc30,jjessicalu,2026-04-29,20:47:38,-07:00,2026-04-29T20:47:38-07:00,0,26
projects/projects.js,45,js,810dcc30,jjessicalu,2026-04-29,20:47:38,-07:00,2026-04-29T20:47:38-07:00,1,0
projects/projects.js,46,js,810dcc30,jjessicalu,2026-04-29,20:47:38,-07:00,2026-04-29T20:47:38-07:00,2,12
projects/projects.js,47,js,810dcc30,jjessicalu,2026-04-29,20:47:38,-07:00,2026-04-29T20:47:38-07:00,2,12
projects/projects.js,48,js,810dcc30,jjessicalu,2026-04-29,20:47:38,-07:00,2026-04-29T20:47:38-07:00,2,21
projects/projects.js,49,js,810dcc30,jjessicalu,2026-04-29,20:47:38,-07:00,2026-04-29T20:47:38-07:00,2,17
projects/projects.js,50,js,810dcc30,jjessicalu,2026-04-29,20:47:38,-07:00,2026-04-29T20:47:38-07:00,2,42
projects/projects.js,51,js,810dcc30,jjessicalu,2026-04-29,20:47:38,-07:00,2026-04-29T20:47:38-07:00,2,0
projects/projects.js,52,js,810dcc30,jjessicalu,2026-04-29,20:47:38,-07:00,2026-04-29T20:47:38-07:00,2,44
projects/projects.js,53,js,810dcc30,jjessicalu,2026-04-29,20:47:38,-07:00,2026-04-29T20:47:38-07:00,3,36
projects/projects.js,54,js,810dcc30,jjessicalu,2026-04-29,20:47:38,-07:00,2026-04-29T20:47:38-07:00,2,0
projects/projects.js,55,js,810dcc30,jjessicalu,2026-04-29,20:47:38,-07:00,2026-04-29T20:47:38-07:00,2,0
projects/projects.js,56,js,810dcc30,jjessicalu,2026-04-29,20:47:38,-07:00,2026-04-29T20:47:38-07:00,2,45
projects/projects.js,57,js,810dcc30,jjessicalu,2026-04-29,20:47:38,-07:00,2026-04-29T20:47:38-07:00,3,59
projects/projects.js,58,js,810dcc30,jjessicalu,2026-04-29,20:47:38,-07:00,2026-04-29T20:47:38-07:00,2,0
projects/projects.js,59,js,810dcc30,jjessicalu,2026-04-29,20:47:38,-07:00,2026-04-29T20:47:38-07:00,2,0
projects/projects.js,60,js,810dcc30,jjessicalu,2026-04-29,20:47:38,-07:00,2026-04-29T20:47:38-07:00,2,24
projects/projects.js,61,js,810dcc30,jjessicalu,2026-04-29,20:47:38,-07:00,2026-04-29T20:47:38-07:00,4,54
projects/projects.js,62,js,810dcc30,jjessicalu,2026-04-29,20:47:38,-07:00,2026-04-29T20:47:38-07:00,2,5
projects/projects.js,63,js,810dcc30,jjessicalu,2026-04-29,20:47:38,-07:00,2026-04-29T20:47:38-07:00,4,45
projects/projects.js,64,js,810dcc30,jjessicalu,2026-04-29,20:47:38,-07:00,2026-04-29T20:47:38-07:00,4,53
projects/projects.js,65,js,810dcc30,jjessicalu,2026-04-29,20:47:38,-07:00,2026-04-29T20:47:38-07:00,5,28
projects/projects.js,66,js,810dcc30,jjessicalu,2026-04-29,20:47:38,-07:00,2026-04-29T20:47:38-07:00,4,53
projects/projects.js,67,js,810dcc30,jjessicalu,2026-04-29,20:47:38,-07:00,2026-04-29T20:47:38-07:00,2,0
projects/projects.js,68,js,810dcc30,jjessicalu,2026-04-29,20:47:38,-07:00,2026-04-29T20:47:38-07:00,2,0
projects/projects.js,69,js,810dcc30,jjessicalu,2026-04-29,20:47:38,-07:00,2026-04-29T20:47:38-07:00,0,0
projects/projects.js,70,js,810dcc30,jjessicalu,2026-04-29,20:47:38,-07:00,2026-04-29T20:47:38-07:00,0,0
projects/projects.js,71,js,810dcc30,jjessicalu,2026-04-29,20:47:38,-07:00,2026-04-29T20:47:38-07:00,0,26
projects/projects.js,72,js,810dcc30,jjessicalu,2026-04-29,20:47:38,-07:00,2026-04-29T20:47:38-07:00,1,3
projects/projects.js,73,js,810dcc30,jjessicalu,2026-04-29,20:47:38,-07:00,2026-04-29T20:47:38-07:00,2,10
projects/projects.js,74,js,810dcc30,jjessicalu,2026-04-29,20:47:38,-07:00,2026-04-29T20:47:38-07:00,2,37
projects/projects.js,75,js,810dcc30,jjessicalu,2026-04-29,20:47:38,-07:00,2026-04-29T20:47:38-07:00,2,75
projects/projects.js,76,js,810dcc30,jjessicalu,2026-04-29,20:47:38,-07:00,2026-04-29T20:47:38-07:00,2,67
projects/projects.js,77,js,810dcc30,jjessicalu,2026-04-29,20:47:38,-07:00,2026-04-29T20:47:38-07:00,2,17
projects/projects.js,78,js,810dcc30,jjessicalu,2026-04-29,20:47:38,-07:00,2026-04-29T20:47:38-07:00,2,46
projects/projects.js,79,js,810dcc30,jjessicalu,2026-04-29,20:47:38,-07:00,2026-04-29T20:47:38-07:00,2,0
projects/projects.js,80,js,810dcc30,jjessicalu,2026-04-29,20:47:38,-07:00,2026-04-29T20:47:38-07:00,2,42
projects/projects.js,81,js,810dcc30,jjessicalu,2026-04-29,20:47:38,-07:00,2026-04-29T20:47:38-07:00,3,34
projects/projects.js,82,js,810dcc30,jjessicalu,2026-04-29,20:47:38,-07:00,2026-04-29T20:47:38-07:00,2,0
projects/projects.js,83,js,810dcc30,jjessicalu,2026-04-29,20:47:38,-07:00,2026-04-29T20:47:38-07:00,2,0
projects/projects.js,84,js,810dcc30,jjessicalu,2026-04-29,20:47:38,-07:00,2026-04-29T20:47:38-07:00,2,43
projects/projects.js,85,js,810dcc30,jjessicalu,2026-04-29,20:47:38,-07:00,2026-04-29T20:47:38-07:00,3,57
projects/projects.js,86,js,810dcc30,jjessicalu,2026-04-29,20:47:38,-07:00,2026-04-29T20:47:38-07:00,2,0
projects/projects.js,87,js,810dcc30,jjessicalu,2026-04-29,20:47:38,-07:00,2026-04-29T20:47:38-07:00,2,0
projects/projects.js,88,js,810dcc30,jjessicalu,2026-04-29,20:47:38,-07:00,2026-04-29T20:47:38-07:00,2,24
projects/projects.js,89,js,810dcc30,jjessicalu,2026-04-29,20:47:38,-07:00,2026-04-29T20:47:38-07:00,4,54
projects/projects.js,90,js,810dcc30,jjessicalu,2026-04-29,20:47:38,-07:00,2026-04-29T20:47:38-07:00,2,5
projects/projects.js,91,js,810dcc30,jjessicalu,2026-04-29,20:47:38,-07:00,2026-04-29T20:47:38-07:00,4,45
projects/projects.js,92,js,810dcc30,jjessicalu,2026-04-29,20:47:38,-07:00,2026-04-29T20:47:38-07:00,4,53
projects/projects.js,93,js,810dcc30,jjessicalu,2026-04-29,20:47:38,-07:00,2026-04-29T20:47:38-07:00,5,28
projects/projects.js,94,js,810dcc30,jjessicalu,2026-04-29,20:47:38,-07:00,2026-04-29T20:47:38-07:00,4,52
projects/projects.js,95,js,810dcc30,jjessicalu,2026-04-29,20:47:38,-07:00,2026-04-29T20:47:38-07:00,2,0
projects/projects.js,96,js,810dcc30,jjessicalu,2026-04-29,20:47:38,-07:00,2026-04-29T20:47:38-07:00,2,0
projects/projects.js,97,js,810dcc30,jjessicalu,2026-04-29,20:47:38,-07:00,2026-04-29T20:47:38-07:00,0,0
projects/projects.js,98,js,810dcc30,jjessicalu,2026-04-29,20:47:38,-07:00,2026-04-29T20:47:38-07:00,0,0
projects/projects.js,99,js,810dcc30,jjessicalu,2026-04-29,20:47:38,-07:00,2026-04-29T20:47:38-07:00,0,0
projects/projects.js,100,js,810dcc30,jjessicalu,2026-04-29,20:47:38,-07:00,2026-04-29T20:47:38-07:00,0,22
projects/projects.js,101,js,810dcc30,jjessicalu,2026-04-29,20:47:38,-07:00,2026-04-29T20:47:38-07:00,0,0
projects/projects.js,102,js,810dcc30,jjessicalu,2026-04-29,20:47:38,-07:00,2026-04-29T20:47:38-07:00,0,52
projects/projects.js,103,js,810dcc30,jjessicalu,2026-04-29,20:47:38,-07:00,2026-04-29T20:47:38-07:00,0,15
projects/projects.js,104,js,810dcc30,jjessicalu,2026-04-29,20:47:38,-07:00,2026-04-29T20:47:38-07:00,0,48
projects/projects.js,105,js,810dcc30,jjessicalu,2026-04-29,20:47:38,-07:00,2026-04-29T20:47:38-07:00,1,51
projects/projects.js,106,js,810dcc30,jjessicalu,2026-04-29,20:47:38,-07:00,2026-04-29T20:47:38-07:00,1,24
projects/projects.js,107,js,810dcc30,jjessicalu,2026-04-29,20:47:38,-07:00,2026-04-29T20:47:38-07:00,1,45
projects/projects.js,108,js,810dcc30,jjessicalu,2026-04-29,20:47:38,-07:00,2026-04-29T20:47:38-07:00,2,58
projects/projects.js,109,js,810dcc30,jjessicalu,2026-04-29,20:47:38,-07:00,2026-04-29T20:47:38-07:00,2,41
projects/projects.js,110,js,810dcc30,jjessicalu,2026-04-29,20:47:38,-07:00,2026-04-29T20:47:38-07:00,1,0
projects/projects.js,111,js,810dcc30,jjessicalu,2026-04-29,20:47:38,-07:00,2026-04-29T20:47:38-07:00,1,54
projects/projects.js,112,js,810dcc30,jjessicalu,2026-04-29,20:47:38,-07:00,2026-04-29T20:47:38-07:00,1,29
projects/projects.js,113,js,810dcc30,jjessicalu,2026-04-29,20:47:38,-07:00,2026-04-29T20:47:38-07:00,0,0
projects/projects.js,114,js,810dcc30,jjessicalu,2026-04-29,20:47:38,-07:00,2026-04-29T20:47:38-07:00,0,0
projects/index.html,1,html,81e3b8c8,jjessicalu,2026-04-01,17:32:00,-07:00,2026-04-01T17:32:00-07:00,0,12
projects/index.html,2,html,81e3b8c8,jjessicalu,2026-04-01,17:32:00,-07:00,2026-04-01T17:32:00-07:00,0,13
projects/index.html,3,html,81e3b8c8,jjessicalu,2026-04-01,17:32:00,-07:00,2026-04-01T17:32:00-07:00,0,3
projects/index.html,4,html,81e3b8c8,jjessicalu,2026-04-01,17:32:00,-07:00,2026-04-01T17:32:00-07:00,1,19
projects/index.html,5,html,81e3b8c8,jjessicalu,2026-04-01,17:32:00,-07:00,2026-04-01T17:32:00-07:00,1,67
projects/index.html,6,html,81e3b8c8,jjessicalu,2026-04-01,17:32:00,-07:00,2026-04-01T17:32:00-07:00,1,20
projects/index.html,7,html,1cf95074,jjessicalu,2026-04-01,17:39:06,-07:00,2026-04-01T17:39:06-07:00,1,40
projects/index.html,8,html,81e3b8c8,jjessicalu,2026-04-01,17:32:00,-07:00,2026-04-01T17:32:00-07:00,0,4
projects/index.html,9,html,81e3b8c8,jjessicalu,2026-04-01,17:32:00,-07:00,2026-04-01T17:32:00-07:00,0,3
projects/index.html,10,html,2e79d878,jjessicalu,2026-04-25,16:16:12,-07:00,2026-04-25T16:16:12-07:00,1,37
projects/index.html,11,html,810dcc30,jjessicalu,2026-04-29,20:47:38,-07:00,2026-04-29T20:47:38-07:00,1,0
projects/index.html,12,html,810dcc30,jjessicalu,2026-04-29,20:47:38,-07:00,2026-04-29T20:47:38-07:00,1,22
projects/index.html,13,html,810dcc30,jjessicalu,2026-04-29,20:47:38,-07:00,2026-04-29T20:47:38-07:00,2,57
projects/index.html,14,html,810dcc30,jjessicalu,2026-04-29,20:47:38,-07:00,2026-04-29T20:47:38-07:00,2,21
projects/index.html,15,html,810dcc30,jjessicalu,2026-04-29,20:47:38,-07:00,2026-04-29T20:47:38-07:00,1,3
projects/index.html,16,html,810dcc30,jjessicalu,2026-04-29,20:47:38,-07:00,2026-04-29T20:47:38-07:00,0,0
projects/index.html,17,html,810dcc30,jjessicalu,2026-04-29,20:47:38,-07:00,2026-04-29T20:47:38-07:00,1,3
projects/index.html,18,html,810dcc30,jjessicalu,2026-04-29,20:47:38,-07:00,2026-04-29T20:47:38-07:00,2,14
projects/index.html,19,html,810dcc30,jjessicalu,2026-04-29,20:47:38,-07:00,2026-04-29T20:47:38-07:00,2,10
projects/index.html,20,html,810dcc30,jjessicalu,2026-04-29,20:47:38,-07:00,2026-04-29T20:47:38-07:00,2,25
projects/index.html,21,html,810dcc30,jjessicalu,2026-04-29,20:47:38,-07:00,2026-04-29T20:47:38-07:00,2,30
projects/index.html,22,html,810dcc30,jjessicalu,2026-04-29,20:47:38,-07:00,2026-04-29T20:47:38-07:00,1,0
projects/index.html,23,html,810dcc30,jjessicalu,2026-04-29,20:47:38,-07:00,2026-04-29T20:47:38-07:00,0,0
projects/index.html,24,html,2e79d878,jjessicalu,2026-04-25,16:16:12,-07:00,2026-04-25T16:16:12-07:00,1,25
projects/index.html,25,html,810dcc30,jjessicalu,2026-04-29,20:47:38,-07:00,2026-04-29T20:47:38-07:00,1,0
projects/index.html,26,html,810dcc30,jjessicalu,2026-04-29,20:47:38,-07:00,2026-04-29T20:47:38-07:00,1,47
projects/index.html,27,html,810dcc30,jjessicalu,2026-04-29,20:47:38,-07:00,2026-04-29T20:47:38-07:00,1,46
projects/index.html,28,html,81e3b8c8,jjessicalu,2026-04-01,17:32:00,-07:00,2026-04-01T17:32:00-07:00,0,4
projects/index.html,29,html,81e3b8c8,jjessicalu,2026-04-01,17:32:00,-07:00,2026-04-01T17:32:00-07:00,0,4
contact/index.html,1,html,81e3b8c8,jjessicalu,2026-04-01,17:32:00,-07:00,2026-04-01T17:32:00-07:00,0,12
contact/index.html,2,html,81e3b8c8,jjessicalu,2026-04-01,17:32:00,-07:00,2026-04-01T17:32:00-07:00,0,13
contact/index.html,3,html,81e3b8c8,jjessicalu,2026-04-01,17:32:00,-07:00,2026-04-01T17:32:00-07:00,0,3
contact/index.html,4,html,81e3b8c8,jjessicalu,2026-04-01,17:32:00,-07:00,2026-04-01T17:32:00-07:00,1,19
contact/index.html,5,html,81e3b8c8,jjessicalu,2026-04-01,17:32:00,-07:00,2026-04-01T17:32:00-07:00,1,67
contact/index.html,6,html,81e3b8c8,jjessicalu,2026-04-01,17:32:00,-07:00,2026-04-01T17:32:00-07:00,1,19
contact/index.html,7,html,1cf95074,jjessicalu,2026-04-01,17:39:06,-07:00,2026-04-01T17:39:06-07:00,1,40
contact/index.html,8,html,81e3b8c8,jjessicalu,2026-04-01,17:32:00,-07:00,2026-04-01T17:32:00-07:00,0,4
contact/index.html,9,html,81e3b8c8,jjessicalu,2026-04-01,17:32:00,-07:00,2026-04-01T17:32:00-07:00,0,3
contact/index.html,10,html,1dc9b1b0,jjessicalu,2026-04-16,19:38:42,-07:00,2026-04-16T19:38:42-07:00,1,47
contact/index.html,11,html,81e3b8c8,jjessicalu,2026-04-01,17:32:00,-07:00,2026-04-01T17:32:00-07:00,1,13
contact/index.html,12,html,1dc9b1b0,jjessicalu,2026-04-16,19:38:42,-07:00,2026-04-16T19:38:42-07:00,1,59
contact/index.html,13,html,92a14f48,jjessicalu,2026-04-01,16:43:13,-07:00,2026-04-01T16:43:13-07:00,0,0
contact/index.html,14,html,3784dcdf,jjessicalu,2026-04-06,21:27:50,-07:00,2026-04-06T21:27:50-07:00,2,4
contact/index.html,15,html,3784dcdf,jjessicalu,2026-04-06,21:27:50,-07:00,2026-04-06T21:27:50-07:00,3,5
contact/index.html,16,html,3784dcdf,jjessicalu,2026-04-06,21:27:50,-07:00,2026-04-06T21:27:50-07:00,4,19
contact/index.html,17,html,3784dcdf,jjessicalu,2026-04-06,21:27:50,-07:00,2026-04-06T21:27:50-07:00,2,5
contact/index.html,18,html,92a14f48,jjessicalu,2026-04-01,16:43:13,-07:00,2026-04-01T16:43:13-07:00,0,0
contact/index.html,19,html,3784dcdf,jjessicalu,2026-04-06,21:27:50,-07:00,2026-04-06T21:27:50-07:00,2,4
contact/index.html,20,html,3784dcdf,jjessicalu,2026-04-06,21:27:50,-07:00,2026-04-06T21:27:50-07:00,3,2
contact/index.html,21,html,3784dcdf,jjessicalu,2026-04-06,21:27:50,-07:00,2026-04-06T21:27:50-07:00,3,30
contact/index.html,22,html,3784dcdf,jjessicalu,2026-04-06,21:27:50,-07:00,2026-04-06T21:27:50-07:00,2,5
contact/index.html,23,html,92a14f48,jjessicalu,2026-04-01,16:43:13,-07:00,2026-04-01T16:43:13-07:00,0,0
contact/index.html,24,html,3784dcdf,jjessicalu,2026-04-06,21:27:50,-07:00,2026-04-06T21:27:50-07:00,2,20
contact/index.html,25,html,92a14f48,jjessicalu,2026-04-01,16:43:13,-07:00,2026-04-01T16:43:13-07:00,0,0
contact/index.html,26,html,3784dcdf,jjessicalu,2026-04-06,21:27:50,-07:00,2026-04-06T21:27:50-07:00,1,4
contact/index.html,27,html,3784dcdf,jjessicalu,2026-04-06,21:27:50,-07:00,2026-04-06T21:27:50-07:00,0,4
contact/index.html,28,html,3784dcdf,jjessicalu,2026-04-06,21:27:50,-07:00,2026-04-06T21:27:50-07:00,0,4
